Nation,Gold,Silver,Bronze,Total,Year
United States,11,7,2,20,1896
Greece,10,18,19,47,1896
Germany,6,5,2,13,1896
France,5,4,2,11,1896
Great Britain,2,3,2,7,1896
Hungary,2,1,3,6,1896
Austria,2,1,2,5,1896
Australia,2,0,0,2,1896
Denmark,1,2,3,6,1896
Switzerland,1,2,0,3,1896
France,27,39,37,103,1900
United States,19,14,15,48,1900
Great Britain,15,7,9,31,1900
Belgium,6,7,4,17,1900
Switzerland,6,2,1,9,1900
Germany,4,3,2,9,1900
Italy,3,2,0,5,1900
Australia,2,0,3,5,1900
Denmark,1,3,2,6,1900
Hungary,1,2,2,5,1900
Cuba,1,1,0,2,1900
Canada,1,0,1,2,1900
Spain,1,0,0,1,1900
Luxembourg,1,0,0,1,1900
Austria,0,3,3,6,1900
Norway,0,2,3,5,1900
Netherlands,0,2,3,5,1900
India,0,2,0,2,1900
Czechoslovakia,0,1,1,2,1900
Sweden,0,0,1,1,1900
United States,76,78,77,231,1904
Germany,4,5,6,15,1904
Canada,4,1,1,6,1904
Cuba,3,0,0,3,1904
Hungary,2,1,1,4,1904
Norway,2,0,0,2,1904
Austria,1,1,1,3,1904
Great Britain,1,1,0,2,1904
Switzerland,1,0,2,3,1904
Greece,1,0,1,2,1904
Australia,0,3,1,4,1904
France,0,1,0,1,1904
Great Britain,56,51,39,146,1908
United States,23,12,12,47,1908
Sweden,8,6,11,25,1908
France,5,5,9,19,1908
Germany,3,5,5,13,1908
Hungary,3,4,2,9,1908
Canada,3,3,10,16,1908
Norway,2,3,3,8,1908
Italy,2,2,0,4,1908
Belgium,1,5,2,8,1908
Australia,1,2,2,5,1908
Russian Empire,1,2,0,3,1908
Finland,1,1,3,5,1908
South Africa,1,1,0,2,1908
Greece,0,3,1,4,1908
Denmark,0,2,3,5,1908
Czechoslovakia,0,0,2,2,1908
Netherlands,0,0,2,2,1908
Austria,0,0,1,1,1908
United States,26,19,19,64,1912
Sweden,23,25,17,65,1912
Great Britain,10,15,16,41,1912
Finland,9,8,9,26,1912
France,7,4,3,14,1912
Germany,5,13,7,25,1912
South Africa,4,2,0,6,1912
Norway,3,2,5,10,1912
Canada,3,2,3,8,1912
Hungary,3,2,3,8,1912
Italy,3,1,2,6,1912
Australia,2,2,3,7,1912
Belgium,2,1,3,6,1912
Denmark,1,6,5,12,1912
Greece,1,0,1,2,1912
Russian Empire,0,2,3,5,1912
Austria,0,2,2,4,1912
Netherlands,0,0,3,3,1912
United States,41,27,27,95,1920
Sweden,19,20,25,64,1920
Finland,15,10,9,34,1920
Great Britain,14,15,13,42,1920
Belgium,14,11,11,36,1920
Norway,13,9,9,31,1920
Italy,13,5,5,23,1920
France,9,19,13,41,1920
Netherlands,4,2,5,11,1920
Denmark,3,9,1,13,1920
South Africa,3,4,3,10,1920
Canada,3,3,3,9,1920
Switzerland,2,2,7,11,1920
Estonia,1,2,0,3,1920
Brazil,1,1,1,3,1920
Australia,0,2,1,3,1920
Japan,0,2,0,2,1920
Spain,0,2,0,2,1920
Greece,0,1,0,1,1920
Luxembourg,0,1,0,1,1920
Czechoslovakia,0,0,2,2,1920
New Zealand,0,0,1,1,1920
United States,45,27,27,99,1924
Finland,14,13,10,37,1924
France,13,15,10,38,1924
Great Britain,9,13,12,34,1924
Italy,8,3,5,16,1924
Switzerland,7,8,10,25,1924
Norway,5,2,3,10,1924
Sweden,4,13,12,29,1924
Netherlands,4,1,5,10,1924
Belgium,3,7,3,13,1924
Australia,3,1,2,6,1924
Denmark,2,5,2,9,1924
Hungary,2,3,4,9,1924
Yugoslavia,2,0,0,2,1924
Czechoslovakia,1,4,5,10,1924
Argentina,1,3,2,6,1924
Estonia,1,1,4,6,1924
South Africa,1,1,1,3,1924
Uruguay,1,0,0,1,1924
Austria,0,3,1,4,1924
Canada,0,3,1,4,1924
Poland,0,1,1,2,1924
Haiti,0,0,1,1,1924
Japan,0,0,1,1,1924
New Zealand,0,0,1,1,1924
Portugal,0,0,1,1,1924
Romania,0,0,1,1,1924
United States,22,18,16,56,1928
Germany,10,7,14,31,1928
Finland,8,8,9,25,1928
Sweden,7,6,12,25,1928
Italy,7,5,7,19,1928
Switzerland,7,4,4,15,1928
France,6,10,5,21,1928
Netherlands,6,9,4,19,1928
Hungary,4,5,0,9,1928
Canada,4,4,7,15,1928
Great Britain,3,10,7,20,1928
Argentina,3,3,1,7,1928
Denmark,3,1,2,6,1928
Czechoslovakia,2,5,2,9,1928
Japan,2,2,1,5,1928
Estonia,2,1,2,5,1928
Egypt,2,1,1,4,1928
Austria,2,0,1,3,1928
Australia,1,2,1,4,1928
Norway,1,2,1,4,1928
Poland,1,1,3,5,1928
Yugoslavia,1,1,3,5,1928
South Africa,1,0,2,3,1928
India,1,0,0,1,1928
Ireland,1,0,0,1,1928
New Zealand,1,0,0,1,1928
Spain,1,0,0,1,1928
Uruguay,1,0,0,1,1928
Belgium,0,1,2,3,1928
Chile,0,1,0,1,1928
Haiti,0,1,0,1,1928
Philippines,0,0,1,1,1928
Portugal,0,0,1,1,1928
United States,44,36,30,110,1932
Italy,12,12,12,36,1932
France,11,5,4,20,1932
Sweden,10,5,9,24,1932
Japan,7,7,4,18,1932
Hungary,6,5,5,16,1932
Finland,5,8,12,25,1932
Great Britain,5,7,5,17,1932
Germany,3,12,7,22,1932
Poland,3,2,4,9,1932
Australia,3,1,1,5,1932
Argentina,3,1,0,4,1932
Canada,2,5,9,16,1932
Netherlands,2,5,1,8,1932
South Africa,2,0,3,5,1932
Ireland,2,0,0,2,1932
Czechoslovakia,1,3,2,6,1932
Austria,1,1,3,5,1932
India,1,0,0,1,1932
Denmark,0,5,3,8,1932
Mexico,0,2,0,2,1932
Latvia,0,1,0,1,1932
New Zealand,0,1,0,1,1932
Switzerland,0,1,0,1,1932
Philippines,0,0,3,3,1932
Belgium,0,0,1,1,1932
Spain,0,0,1,1,1932
Uruguay,0,0,1,1,1932
Germany,38,31,32,101,1936
United States,24,21,12,57,1936
Hungary,10,1,5,16,1936
Italy,9,13,5,27,1936
Finland,8,6,6,20,1936
France,7,6,6,19,1936
Sweden,6,5,10,21,1936
Japan,6,4,10,20,1936
Netherlands,6,4,7,17,1936
Austria,5,7,5,17,1936
Switzerland,4,9,5,18,1936
Great Britain,4,7,3,14,1936
Czechoslovakia,3,5,1,9,1936
Argentina,2,2,3,7,1936
Estonia,2,2,3,7,1936
Egypt,2,1,2,5,1936
Canada,1,3,5,9,1936
Norway,1,3,2,6,1936
Turkey,1,0,1,2,1936
India,1,0,0,1,1936
New Zealand,1,0,0,1,1936
Poland,0,4,5,9,1936
Denmark,0,2,3,5,1936
Latvia,0,1,1,2,1936
Romania,0,1,0,1,1936
South Africa,0,1,0,1,1936
Yugoslavia,0,1,0,1,1936
Belgium,0,0,3,3,1936
Mexico,0,0,3,3,1936
Australia,0,0,1,1,1936
Philippines,0,0,1,1,1936
Portugal,0,0,1,1,1936
United States,38,27,19,84,1948
Sweden,17,11,18,46,1948
France,11,6,15,32,1948
Finland,10,8,6,24,1948
Hungary,10,5,13,28,1948
Italy,9,12,10,31,1948
Turkey,6,4,2,12,1948
Czechoslovakia,6,2,3,11,1948
Switzerland,5,12,6,23,1948
Denmark,5,8,9,22,1948
Netherlands,5,2,9,16,1948
Great Britain,4,16,7,27,1948
Argentina,3,3,1,7,1948
Australia,2,6,5,13,1948
Belgium,2,2,3,7,1948
South Africa,2,2,2,6,1948
Egypt,2,2,1,5,1948
Mexico,2,1,2,5,1948
Norway,1,3,3,7,1948
Jamaica,1,2,0,3,1948
Austria,1,0,3,4,1948
Poland,1,0,1,2,1948
India,1,0,0,1,1948
Peru,1,0,0,1,1948
Canada,0,2,2,4,1948
Yugoslavia,0,2,0,2,1948
Portugal,0,1,1,2,1948
Uruguay,0,1,1,2,1948
Sri Lanka,0,1,0,1,1948
Cuba,0,1,0,1,1948
Spain,0,1,0,1,1948
Trinidad and Tobago,0,1,0,1,1948
Panama,0,0,2,2,1948
South Korea,0,0,2,2,1948
Brazil,0,0,1,1,1948
Iran,0,0,1,1,1948
Ireland,0,0,1,1,1948
Puerto Rico,0,0,1,1,1948
United States,40,19,17,76,1952
Soviet Union,22,30,19,71,1952
Hungary,16,10,16,42,1952
Sweden,12,13,10,35,1952
Italy,8,9,4,21,1952
Czechoslovakia,7,3,3,13,1952
France,6,6,6,18,1952
Finland,6,3,13,22,1952
Australia,6,2,3,11,1952
Norway,3,2,0,5,1952
Switzerland,2,6,6,14,1952
South Africa,2,4,4,10,1952
Jamaica,2,3,0,5,1952
Belgium,2,2,0,4,1952
Denmark,2,1,3,6,1952
Turkey,2,0,1,3,1952
Japan,1,6,2,9,1952
Great Britain,1,2,8,11,1952
Argentina,1,2,2,5,1952
Poland,1,2,1,4,1952
Canada,1,2,0,3,1952
Yugoslavia,1,2,0,3,1952
Romania,1,1,2,4,1952
Brazil,1,0,2,3,1952
New Zealand,1,0,2,3,1952
India,1,0,1,2,1952
Luxembourg,1,0,0,1,1952
Germany,0,7,17,24,1952
Netherlands,0,5,0,5,1952
Iran,0,3,4,7,1952
Chile,0,2,0,2,1952
Austria,0,1,1,2,1952
Lebanon,0,1,1,2,1952
Ireland,0,1,0,1,1952
Mexico,0,1,0,1,1952
Spain,0,1,0,1,1952
South Korea,0,0,2,2,1952
Trinidad and Tobago,0,0,2,2,1952
Uruguay,0,0,2,2,1952
Bulgaria,0,0,1,1,1952
Egypt,0,0,1,1,1952
Portugal,0,0,1,1,1952
Venezuela,0,0,1,1,1952
Soviet Union,37,29,32,98,1956
United States,32,25,17,74,1956
Australia,13,8,14,35,1956
Hungary,9,10,7,26,1956
Italy,8,8,9,25,1956
Sweden,8,5,6,19,1956
Germany,6,13,7,26,1956
Great Britain,6,7,11,24,1956
Romania,5,3,5,13,1956
Japan,4,10,5,19,1956
France,4,4,6,14,1956
Turkey,3,2,2,7,1956
Finland,3,1,11,15,1956
Iran,2,2,1,5,1956
Canada,2,1,3,6,1956
New Zealand,2,0,0,2,1956
Poland,1,4,4,9,1956
Czechoslovakia,1,4,1,6,1956
Bulgaria,1,3,1,5,1956
Denmark,1,2,1,4,1956
Ireland,1,1,3,5,1956
Norway,1,0,2,3,1956
Mexico,1,0,1,2,1956
Brazil,1,0,0,1,1956
India,1,0,0,1,1956
Yugoslavia,0,3,0,3,1956
Chile,0,2,2,4,1956
Belgium,0,2,0,2,1956
Argentina,0,1,1,2,1956
South Korea,0,1,1,2,1956
Iceland,0,1,0,1,1956
Pakistan,0,1,0,1,1956
South Africa,0,0,4,4,1956
Austria,0,0,2,2,1956
Bahamas,0,0,1,1,1956
Greece,0,0,1,1,1956
Switzerland,0,0,1,1,1956
Uruguay,0,0,1,1,1956
Soviet Union,43,29,31,103,1960
United States,34,21,16,71,1960
Italy,13,10,13,36,1960
Germany,12,19,11,42,1960
Australia,8,8,6,22,1960
Turkey,7,2,0,9,1960
Hungary,6,8,7,21,1960
Japan,4,7,7,18,1960
Poland,4,6,11,21,1960
Czechoslovakia,3,2,3,8,1960
Romania,3,1,6,10,1960
Great Britain,2,6,12,20,1960
Denmark,2,3,1,6,1960
New Zealand,2,0,1,3,1960
Bulgaria,1,3,3,7,1960
Sweden,1,2,3,6,1960
Finland,1,1,3,5,1960
Austria,1,1,0,2,1960
Yugoslavia,1,1,0,2,1960
Pakistan,1,0,1,2,1960
Ethiopia,1,0,0,1,1960
Greece,1,0,0,1,1960
Norway,1,0,0,1,1960
Switzerland,0,3,3,6,1960
France,0,2,3,5,1960
Belgium,0,2,2,4,1960
Iran,0,1,3,4,1960
Netherlands,0,1,2,3,1960
South Africa,0,1,2,3,1960
Argentina,0,1,1,2,1960
Egypt,0,1,1,2,1960
Canada,0,1,0,1,1960
Chinese Taipei,0,1,0,1,1960
Ghana,0,1,0,1,1960
India,0,1,0,1,1960
Morocco,0,1,0,1,1960
Portugal,0,1,0,1,1960
Singapore,0,1,0,1,1960
Brazil,0,0,2,2,1960
Jamaica,0,0,2,2,1960
Iraq,0,0,1,1,1960
Mexico,0,0,1,1,1960
Spain,0,0,1,1,1960
Venezuela,0,0,1,1,1960
United States,36,26,28,90,1964
Soviet Union,30,31,35,96,1964
Japan,16,5,8,29,1964
Germany,10,22,18,50,1964
Italy,10,10,7,27,1964
Hungary,10,7,5,22,1964
Poland,7,6,10,23,1964
Australia,6,2,10,18,1964
Czechoslovakia,5,6,3,14,1964
Great Britain,4,12,2,18,1964
Bulgaria,3,5,2,10,1964
Finland,3,0,2,5,1964
New Zealand,3,0,2,5,1964
Romania,2,4,6,12,1964
Netherlands,2,4,4,10,1964
Turkey,2,3,1,6,1964
Sweden,2,2,4,8,1964
Denmark,2,1,3,6,1964
Yugoslavia,2,1,2,5,1964
Belgium,2,0,1,3,1964
France,1,8,6,15,1964
Canada,1,2,1,4,1964
Switzerland,1,2,1,4,1964
Bahamas,1,0,0,1,1964
Ethiopia,1,0,0,1,1964
India,1,0,0,1,1964
South Korea,0,2,1,3,1964
Trinidad and Tobago,0,1,2,3,1964
Tunisia,0,1,1,2,1964
Argentina,0,1,0,1,1964
Cuba,0,1,0,1,1964
Pakistan,0,1,0,1,1964
Philippines,0,1,0,1,1964
Iran,0,0,2,2,1964
Brazil,0,0,1,1,1964
Ghana,0,0,1,1,1964
Ireland,0,0,1,1,1964
Kenya,0,0,1,1,1964
Mexico,0,0,1,1,1964
Nigeria,0,0,1,1,1964
Uruguay,0,0,1,1,1964
United States,45,28,34,107,1968
Soviet Union,29,32,30,91,1968
Japan,11,7,7,25,1968
Hungary,10,10,12,32,1968
East Germany,9,9,7,25,1968
France,7,3,5,15,1968
Czechoslovakia,7,2,4,13,1968
West Germany,5,11,10,26,1968
Australia,5,7,5,17,1968
Great Britain,5,5,3,13,1968
Poland,5,2,11,18,1968
Romania,4,6,5,15,1968
Italy,3,4,9,16,1968
Kenya,3,4,2,9,1968
Mexico,3,3,3,9,1968
Yugoslavia,3,3,2,8,1968
Netherlands,3,3,1,7,1968
Bulgaria,2,4,3,9,1968
Iran,2,1,2,5,1968
Sweden,2,1,1,4,1968
Turkey,2,0,0,2,1968
Denmark,1,4,3,8,1968
Canada,1,3,1,5,1968
Finland,1,2,1,4,1968
Ethiopia,1,1,0,2,1968
Norway,1,1,0,2,1968
New Zealand,1,0,2,3,1968
Tunisia,1,0,1,2,1968
Pakistan,1,0,0,1,1968
Venezuela,1,0,0,1,1968
Cuba,0,4,0,4,1968
Austria,0,2,2,4,1968
Switzerland,0,1,4,5,1968
Mongolia,0,1,3,4,1968
Brazil,0,1,2,3,1968
Belgium,0,1,1,2,1968
South Korea,0,1,1,2,1968
Uganda,0,1,1,2,1968
Cameroon,0,1,0,1,1968
Jamaica,0,1,0,1,1968
Argentina,0,0,2,2,1968
Greece,0,0,1,1,1968
India,0,0,1,1,1968
Taiwan,0,0,1,1,1968
Soviet Union,50,27,22,99,1972
United States,33,31,30,94,1972
East Germany,20,23,23,66,1972
West Germany,13,11,16,40,1972
Japan,13,8,8,29,1972
Australia,8,7,2,17,1972
Poland,7,5,9,21,1972
Hungary,6,13,16,35,1972
Bulgaria,6,10,5,21,1972
Italy,5,3,10,18,1972
Sweden,4,6,6,16,1972
Great Britain,4,5,9,18,1972
Romania,3,6,7,16,1972
Cuba,3,1,4,8,1972
Finland,3,1,4,8,1972
Netherlands,3,1,1,5,1972
France,2,4,7,13,1972
Czechoslovakia,2,4,2,8,1972
Kenya,2,3,4,9,1972
Yugoslavia,2,1,2,5,1972
Norway,2,1,1,4,1972
North Korea,1,1,3,5,1972
New Zealand,1,1,1,3,1972
Uganda,1,1,0,2,1972
Denmark,1,0,0,1,1972
Switzerland,0,3,0,3,1972
Canada,0,2,3,5,1972
Iran,0,2,1,3,1972
Belgium,0,2,0,2,1972
Greece,0,2,0,2,1972
Austria,0,1,2,3,1972
Colombia,0,1,2,3,1972
Argentina,0,1,0,1,1972
Lebanon,0,1,0,1,1972
Mexico,0,1,0,1,1972
Mongolia,0,1,0,1,1972
Pakistan,0,1,0,1,1972
South Korea,0,1,0,1,1972
Tunisia,0,1,0,1,1972
Turkey,0,1,0,1,1972
Brazil,0,0,2,2,1972
Ethiopia,0,0,2,2,1972
Ghana,0,0,1,1,1972
India,0,0,1,1,1972
Jamaica,0,0,1,1,1972
Niger,0,0,1,1,1972
Nigeria,0,0,1,1,1972
Spain,0,0,1,1,1972
Soviet Union,49,41,35,125,1976
East Germany,40,25,25,90,1976
United States,34,35,25,94,1976
West Germany,10,12,17,39,1976
Japan,9,6,10,25,1976
Poland,7,6,13,26,1976
Bulgaria,6,9,7,22,1976
Cuba,6,4,3,13,1976
Romania,4,9,14,27,1976
Hungary,4,5,13,22,1976
Finland,4,2,0,6,1976
Sweden,4,1,0,5,1976
Great Britain,3,5,5,13,1976
Italy,2,7,4,13,1976
France,2,3,4,9,1976
Yugoslavia,2,3,3,8,1976
Czechoslovakia,2,2,4,8,1976
New Zealand,2,1,1,4,1976
South Korea,1,1,4,6,1976
Switzerland,1,1,2,4,1976
Jamaica,1,1,0,2,1976
North Korea,1,1,0,2,1976
Norway,1,1,0,2,1976
Denmark,1,0,2,3,1976
Mexico,1,0,1,2,1976
Trinidad and Tobago,1,0,0,1,1976
Canada,0,5,6,11,1976
Belgium,0,3,3,6,1976
Netherlands,0,2,3,5,1976
Portugal,0,2,0,2,1976
Spain,0,2,0,2,1976
Australia,0,1,4,5,1976
Iran,0,1,1,2,1976
Mongolia,0,1,0,1,1976
Venezuela,0,1,0,1,1976
Brazil,0,0,2,2,1976
Austria,0,0,1,1,1976
Bermuda,0,0,1,1,1976
Pakistan,0,0,1,1,1976
Puerto Rico,0,0,1,1,1976
Thailand,0,0,1,1,1976
Soviet Union,80,69,46,195,1980
East Germany,47,37,42,126,1980
Bulgaria,8,16,17,41,1980
Cuba,8,7,5,20,1980
Italy,8,3,4,15,1980
Hungary,7,10,15,32,1980
Romania,6,6,13,25,1980
France,6,5,3,14,1980
Great Britain,5,7,9,21,1980
Poland,3,14,15,32,1980
Sweden,3,3,6,12,1980
Finland,3,1,4,8,1980
Czechoslovakia,2,3,9,14,1980
Yugoslavia,2,3,4,9,1980
Australia,2,2,5,9,1980
Denmark,2,1,2,5,1980
Brazil,2,0,2,4,1980
Ethiopia,2,0,2,4,1980
Switzerland,2,0,0,2,1980
Spain,1,3,2,6,1980
Austria,1,2,1,4,1980
Greece,1,0,2,3,1980
Belgium,1,0,0,1,1980
India,1,0,0,1,1980
Zimbabwe,1,0,0,1,1980
North Korea,0,3,2,5,1980
Mongolia,0,2,2,4,1980
Tanzania,0,2,0,2,1980
Mexico,0,1,3,4,1980
Netherlands,0,1,2,3,1980
Ireland,0,1,1,2,1980
Uganda,0,1,0,1,1980
Venezuela,0,1,0,1,1980
Jamaica,0,0,3,3,1980
Guyana,0,0,1,1,1980
Lebanon,0,0,1,1,1980
United States,83,61,30,174,1984
Romania,20,16,17,53,1984
West Germany,17,19,23,59,1984
China,15,8,9,32,1984
Italy,14,6,12,32,1984
Canada,10,18,16,44,1984
Japan,10,8,14,32,1984
New Zealand,8,1,2,11,1984
Yugoslavia,7,4,7,18,1984
South Korea,6,6,7,19,1984
Great Britain,5,11,21,37,1984
France,5,7,16,28,1984
Netherlands,5,2,6,13,1984
Australia,4,8,12,24,1984
Finland,4,2,6,12,1984
Sweden,2,11,6,19,1984
Mexico,2,3,1,6,1984
Morocco,2,0,0,2,1984
Brazil,1,5,2,8,1984
Spain,1,2,2,5,1984
Belgium,1,1,2,4,1984
Austria,1,1,1,3,1984
Kenya,1,0,2,3,1984
Portugal,1,0,2,3,1984
Pakistan,1,0,0,1,1984
Switzerland,0,4,4,8,1984
Denmark,0,3,3,6,1984
Jamaica,0,1,2,3,1984
Norway,0,1,2,3,1984
Greece,0,1,1,2,1984
Nigeria,0,1,1,2,1984
Puerto Rico,0,1,1,2,1984
Colombia,0,1,0,1,1984
Egypt,0,1,0,1,1984
Ireland,0,1,0,1,1984
Ivory Coast,0,1,0,1,1984
Peru,0,1,0,1,1984
Syria,0,1,0,1,1984
Thailand,0,1,0,1,1984
Turkey,0,0,3,3,1984
Venezuela,0,0,3,3,1984
Algeria,0,0,2,2,1984
Cameroon,0,0,1,1,1984
Chinese Taipei,0,0,1,1,1984
Dominican Republic,0,0,1,1,1984
Iceland,0,0,1,1,1984
Zambia,0,0,1,1,1984
Soviet Union,55,31,46,132,1988
East Germany,37,35,30,102,1988
United States,36,31,27,94,1988
South Korea,12,10,11,33,1988
West Germany,11,14,15,40,1988
Hungary,11,6,6,23,1988
Bulgaria,10,12,13,35,1988
Romania,7,11,6,24,1988
France,6,4,6,16,1988
Italy,6,4,4,14,1988
China,5,11,12,28,1988
Great Britain,5,10,9,24,1988
Kenya,5,2,2,9,1988
Japan,4,3,7,14,1988
Australia,3,6,5,14,1988
Yugoslavia,3,4,5,12,1988
Czechoslovakia,3,3,2,8,1988
New Zealand,3,2,8,13,1988
Canada,3,2,5,10,1988
Poland,2,5,9,16,1988
Norway,2,3,0,5,1988
Netherlands,2,2,5,9,1988
Denmark,2,1,1,4,1988
Brazil,1,2,3,6,1988
Finland,1,1,2,4,1988
Spain,1,1,2,4,1988
Turkey,1,1,0,2,1988
Morocco,1,0,2,3,1988
Austria,1,0,0,1,1988
Portugal,1,0,0,1,1988
Suriname,1,0,0,1,1988
Sweden,0,4,7,11,1988
Switzerland,0,2,2,4,1988
Jamaica,0,2,0,2,1988
Argentina,0,1,1,2,1988
Chile,0,1,0,1,1988
Costa Rica,0,1,0,1,1988
Indonesia,0,1,0,1,1988
Iran,0,1,0,1,1988
Netherlands Antilles,0,1,0,1,1988
Peru,0,1,0,1,1988
Senegal,0,1,0,1,1988
Virgin Islands,0,1,0,1,1988
Belgium,0,0,2,2,1988
Mexico,0,0,2,2,1988
Colombia,0,0,1,1,1988
Djibouti,0,0,1,1,1988
Greece,0,0,1,1,1988
Mongolia,0,0,1,1,1988
Pakistan,0,0,1,1,1988
Philippines,0,0,1,1,1988
Thailand,0,0,1,1,1988
Soviet Union,45,38,29,112,1992
United States,37,34,37,108,1992
Germany,33,21,28,82,1992
China,16,22,16,54,1992
Cuba,14,6,11,31,1992
Spain,13,7,2,22,1992
South Korea,12,5,12,29,1992
Hungary,11,12,7,30,1992
France,8,5,16,29,1992
Australia,7,9,11,27,1992
Canada,7,4,7,18,1992
Italy,6,5,8,19,1992
Great Britain,5,3,12,20,1992
Romania,4,6,8,18,1992
Czechoslovakia,4,2,1,7,1992
North Korea,4,0,5,9,1992
Japan,3,8,11,22,1992
Bulgaria,3,7,6,16,1992
Poland,3,6,10,19,1992
Netherlands,2,6,7,15,1992
Kenya,2,4,2,8,1992
Norway,2,4,1,7,1992
Turkey,2,2,2,6,1992
Indonesia,2,2,1,5,1992
Brazil,2,1,0,3,1992
Greece,2,0,0,2,1992
Sweden,1,7,4,12,1992
New Zealand,1,4,5,10,1992
Finland,1,2,2,5,1992
Denmark,1,1,4,6,1992
Morocco,1,1,1,3,1992
Ireland,1,1,0,2,1992
Ethiopia,1,0,2,3,1992
Algeria,1,0,1,2,1992
Estonia,1,0,1,2,1992
Lithuania,1,0,1,2,1992
Switzerland,1,0,0,1,1992
Jamaica,0,3,1,4,1992
Nigeria,0,3,1,4,1992
Latvia,0,2,1,3,1992
Austria,0,2,0,2,1992
Namibia,0,2,0,2,1992
South Africa,0,2,0,2,1992
Belgium,0,1,2,3,1992
Croatia,0,1,2,3,1992
Iran,0,1,2,3,1992
Israel,0,1,1,2,1992
Chinese Taipei,0,1,0,1,1992
Mexico,0,1,0,1,1992
Peru,0,1,0,1,1992
Mongolia,0,0,2,2,1992
Slovenia,0,0,2,2,1992
Argentina,0,0,1,1,1992
Bahamas,0,0,1,1,1992
Colombia,0,0,1,1,1992
Ghana,0,0,1,1,1992
Malaysia,0,0,1,1,1992
Pakistan,0,0,1,1,1992
Philippines,0,0,1,1,1992
Puerto Rico,0,0,1,1,1992
Qatar,0,0,1,1,1992
Suriname,0,0,1,1,1992
Thailand,0,0,1,1,1992
United States,44,32,25,101,1996
Russia,26,21,16,63,1996
Germany,20,18,27,65,1996
China,16,22,12,50,1996
France,15,7,15,37,1996
Italy,13,10,12,35,1996
Australia,9,9,23,41,1996
Cuba,9,8,8,25,1996
Ukraine,9,2,12,23,1996
South Korea,7,15,5,27,1996
Poland,7,5,5,17,1996
Hungary,7,4,10,21,1996
Spain,5,6,6,17,1996
Romania,4,7,9,20,1996
Netherlands,4,5,10,19,1996
Greece,4,4,0,8,1996
Czech Republic,4,3,4,11,1996
Switzerland,4,3,0,7,1996
Denmark,4,1,1,6,1996
Turkey,4,1,1,6,1996
Canada,3,11,8,22,1996
Bulgaria,3,7,5,15,1996
Japan,3,6,5,14,1996
Kazakhstan,3,4,4,11,1996
Brazil,3,3,9,15,1996
New Zealand,3,2,1,6,1996
South Africa,3,1,1,5,1996
Ireland,3,0,1,4,1996
Sweden,2,4,2,8,1996
Norway,2,2,3,7,1996
Belgium,2,2,2,6,1996
Nigeria,2,1,3,6,1996
North Korea,2,1,2,5,1996
Algeria,2,0,1,3,1996
Ethiopia,2,0,1,3,1996
Great Britain,1,8,6,15,1996
Belarus,1,6,8,15,1996
Kenya,1,4,3,8,1996
Jamaica,1,3,2,6,1996
Finland,1,2,1,4,1996
Serbia and Montenegro,1,1,2,4,1996
Indonesia,1,1,2,4,1996
Iran,1,1,1,3,1996
Slovakia,1,1,1,3,1996
Armenia,1,1,0,2,1996
Croatia,1,1,0,2,1996
Portugal,1,0,1,2,1996
Thailand,1,0,1,2,1996
Burundi,1,0,0,1,1996
Costa Rica,1,0,0,1,1996
Ecuador,1,0,0,1,1996
Hong Kong,1,0,0,1,1996
Syria,1,0,0,1,1996
Argentina,0,2,1,3,1996
Namibia,0,2,0,2,1996
Slovenia,0,2,0,2,1996
Austria,0,1,2,3,1996
Malaysia,0,1,1,2,1996
Moldova,0,1,1,2,1996
Uzbekistan,0,1,1,2,1996
Azerbaijan,0,1,0,1,1996
Bahamas,0,1,0,1,1996
Chinese Taipei,0,1,0,1,1996
Latvia,0,1,0,1,1996
Philippines,0,1,0,1,1996
Tonga,0,1,0,1,1996
Zambia,0,1,0,1,1996
Georgia,0,0,2,2,1996
Morocco,0,0,2,2,1996
Trinidad and Tobago,0,0,2,2,1996
India,0,0,1,1,1996
Israel,0,0,1,1,1996
Lithuania,0,0,1,1,1996
Mexico,0,0,1,1,1996
Mongolia,0,0,1,1,1996
Mozambique,0,0,1,1,1996
Puerto Rico,0,0,1,1,1996
Tunisia,0,0,1,1,1996
Uganda,0,0,1,1,1996
United States,37,24,32,93,2000
Russia,32,28,29,89,2000
China,28,16,14,58,2000
Australia,16,25,17,58,2000
Germany,13,17,26,56,2000
France,13,14,11,38,2000
Italy,13,8,13,34,2000
Netherlands,12,9,4,25,2000
Cuba,11,11,7,29,2000
Great Britain,11,10,7,28,2000
Romania,11,6,9,26,2000
South Korea,8,10,10,28,2000
Hungary,8,6,3,17,2000
Poland,6,5,3,14,2000
Japan,5,8,5,18,2000
Bulgaria,5,6,2,13,2000
Greece,4,6,3,13,2000
Sweden,4,5,3,12,2000
Norway,4,3,3,10,2000
Ethiopia,4,1,3,8,2000
Ukraine,3,10,10,23,2000
Kazakhstan,3,4,0,7,2000
Belarus,3,3,11,17,2000
Canada,3,3,8,14,2000
Spain,3,3,5,11,2000
Turkey,3,0,2,5,2000
Iran,3,0,1,4,2000
Czech Republic,2,3,3,8,2000
Kenya,2,3,2,7,2000
Denmark,2,3,1,6,2000
Finland,2,1,1,4,2000
Austria,2,1,0,3,2000
Lithuania,2,0,3,5,2000
Azerbaijan,2,0,1,3,2000
Bahamas,2,0,1,3,2000
Slovenia,2,0,0,2,2000
Switzerland,1,6,2,9,2000
Indonesia,1,3,2,6,2000
Slovakia,1,3,1,5,2000
Mexico,1,2,3,6,2000
Nigeria,1,2,0,3,2000
Algeria,1,1,3,5,2000
Uzbekistan,1,1,2,4,2000
Serbia and Montenegro,1,1,1,3,2000
Latvia,1,1,1,3,2000
New Zealand,1,0,3,4,2000
Estonia,1,0,2,3,2000
Thailand,1,0,2,3,2000
Croatia,1,0,1,2,2000
Cameroon,1,0,0,1,2000
Colombia,1,0,0,1,2000
Mozambique,1,0,0,1,2000
Brazil,0,6,6,12,2000
Jamaica,0,6,3,9,2000
Belgium,0,2,3,5,2000
South Africa,0,2,3,5,2000
Argentina,0,2,2,4,2000
Chinese Taipei,0,1,4,5,2000
Morocco,0,1,4,5,2000
North Korea,0,1,3,4,2000
Moldova,0,1,1,2,2000
Saudi Arabia,0,1,1,2,2000
Trinidad and Tobago,0,1,1,2,2000
Ireland,0,1,0,1,2000
Sri Lanka,0,1,0,1,2000
Uruguay,0,1,0,1,2000
Vietnam,0,1,0,1,2000
Georgia,0,0,6,6,2000
Costa Rica,0,0,2,2,2000
Portugal,0,0,2,2,2000
Armenia,0,0,1,1,2000
Barbados,0,0,1,1,2000
Chile,0,0,1,1,2000
Iceland,0,0,1,1,2000
India,0,0,1,1,2000
Israel,0,0,1,1,2000
Kuwait,0,0,1,1,2000
Kyrgyzstan,0,0,1,1,2000
North Macedonia,0,0,1,1,2000
Qatar,0,0,1,1,2000
United States,36,39,26,101,2004
China,32,17,14,63,2004
Russia,28,26,36,90,2004
Australia,17,16,17,50,2004
Japan,16,9,12,37,2004
Germany,13,16,20,49,2004
France,11,9,13,33,2004
Italy,10,11,11,32,2004
South Korea,9,12,9,30,2004
Great Britain,9,9,12,30,2004
Cuba,9,7,11,27,2004
Hungary,8,6,3,17,2004
Ukraine,8,5,9,22,2004
Romania,8,5,6,19,2004
Greece,6,6,4,16,2004
Brazil,5,2,3,10,2004
Norway,5,0,1,6,2004
Netherlands,4,9,9,22,2004
Sweden,4,2,1,7,2004
Spain,3,11,6,20,2004
Canada,3,6,3,12,2004
Turkey,3,3,4,10,2004
Poland,3,2,5,10,2004
New Zealand,3,2,0,5,2004
Thailand,3,1,4,8,2004
Belarus,2,5,6,13,2004
Austria,2,4,1,7,2004
Ethiopia,2,3,2,7,2004
Iran,2,2,2,6,2004
Slovakia,2,2,2,6,2004
Chinese Taipei,2,2,1,5,2004
Georgia,2,2,0,4,2004
Bulgaria,2,1,9,12,2004
Denmark,2,1,5,8,2004
Jamaica,2,1,2,5,2004
Uzbekistan,2,1,2,5,2004
Morocco,2,1,0,3,2004
Argentina,2,0,4,6,2004
Chile,2,0,1,3,2004
Kazakhstan,1,4,3,8,2004
Kenya,1,4,2,7,2004
Czech Republic,1,3,5,9,2004
South Africa,1,3,2,6,2004
Croatia,1,2,2,5,2004
Lithuania,1,2,0,3,2004
Egypt,1,1,3,5,2004
Switzerland,1,1,3,5,2004
Indonesia,1,1,2,4,2004
Zimbabwe,1,1,1,3,2004
Azerbaijan,1,0,4,5,2004
Belgium,1,0,2,3,2004
Bahamas,1,0,1,2,2004
Israel,1,0,1,2,2004
Cameroon,1,0,0,1,2004
Dominican Republic,1,0,0,1,2004
United Arab Emirates,1,0,0,1,2004
North Korea,0,4,1,5,2004
Latvia,0,4,0,4,2004
Mexico,0,3,1,4,2004
Portugal,0,2,1,3,2004
Finland,0,2,0,2,2004
Serbia and Montenegro,0,2,0,2,2004
Slovenia,0,1,3,4,2004
Estonia,0,1,2,3,2004
Hong Kong,0,1,0,1,2004
India,0,1,0,1,2004
Paraguay,0,1,0,1,2004
Colombia,0,0,2,2,2004
Nigeria,0,0,2,2,2004
Venezuela,0,0,2,2,2004
Eritrea,0,0,1,1,2004
Mongolia,0,0,1,1,2004
Syria,0,0,1,1,2004
Trinidad and Tobago,0,0,1,1,2004
China,48,22,30,100,2008
United States,36,39,37,112,2008
Russia,24,13,23,60,2008
Great Britain,19,13,19,51,2008
Germany,16,11,14,41,2008
Australia,14,15,17,46,2008
South Korea,13,11,8,32,2008
Japan,9,8,8,25,2008
Italy,8,9,10,27,2008
France,7,16,20,43,2008
Netherlands,7,5,4,16,2008
Ukraine,7,4,11,22,2008
Kenya,6,4,6,16,2008
Spain,5,11,3,19,2008
Jamaica,5,4,2,11,2008
Poland,4,5,2,11,2008
Ethiopia,4,2,1,7,2008
Romania,4,1,4,9,2008
Cuba,3,10,17,30,2008
Canada,3,9,8,20,2008
Hungary,3,5,2,10,2008
Norway,3,5,1,9,2008
Brazil,3,4,10,17,2008
Belarus,3,4,7,14,2008
Czech Republic,3,3,1,7,2008
Slovakia,3,3,0,6,2008
New Zealand,3,2,4,9,2008
Georgia,3,2,2,7,2008
Kazakhstan,2,3,4,9,2008
Denmark,2,2,3,7,2008
North Korea,2,2,2,6,2008
Thailand,2,2,2,6,2008
Mongolia,2,2,0,4,2008
Switzerland,2,1,4,7,2008
Argentina,2,0,4,6,2008
Mexico,2,0,2,4,2008
Belgium,2,0,0,2,2008
Zimbabwe,1,3,0,4,2008
Slovenia,1,2,2,5,2008
Azerbaijan,1,1,4,6,2008
Indonesia,1,1,4,6,2008
Bulgaria,1,1,3,5,2008
Turkey,1,1,3,5,2008
Chinese Taipei,1,1,2,4,2008
Finland,1,1,2,4,2008
Latvia,1,1,1,3,2008
Dominican Republic,1,1,0,2,2008
Estonia,1,1,0,2,2008
Portugal,1,1,0,2,2008
Trinidad and Tobago,1,1,0,2,2008
India,1,0,2,3,2008
Iran,1,0,1,2,2008
Cameroon,1,0,0,1,2008
Panama,1,0,0,1,2008
Tunisia,1,0,0,1,2008
Sweden,0,4,1,5,2008
Lithuania,0,3,2,5,2008
Nigeria,0,3,2,5,2008
Croatia,0,2,3,5,2008
Colombia,0,2,1,3,2008
Greece,0,2,1,3,2008
Armenia,0,1,4,5,2008
Uzbekistan,0,1,3,4,2008
Austria,0,1,2,3,2008
Ireland,0,1,2,3,2008
Kyrgyzstan,0,1,2,3,2008
Serbia,0,1,2,3,2008
Algeria,0,1,1,2,2008
Bahamas,0,1,1,2,2008
Morocco,0,1,1,2,2008
Tajikistan,0,1,1,2,2008
Chile,0,1,0,1,2008
Ecuador,0,1,0,1,2008
Iceland,0,1,0,1,2008
Malaysia,0,1,0,1,2008
Samoa,0,1,0,1,2008
Singapore,0,1,0,1,2008
South Africa,0,1,0,1,2008
Sudan,0,1,0,1,2008
Vietnam,0,1,0,1,2008
Egypt,0,0,2,2,2008
Afghanistan,0,0,1,1,2008
Israel,0,0,1,1,2008
Mauritius,0,0,1,1,2008
Moldova,0,0,1,1,2008
Togo,0,0,1,1,2008
Venezuela,0,0,1,1,2008
United States,48,26,31,105,2012
China,39,31,22,92,2012
Great Britain,29,18,18,65,2012
Russia,18,20,26,64,2012
South Korea,13,9,9,31,2012
Germany,11,20,13,44,2012
France,11,11,13,35,2012
Australia,8,15,12,35,2012
Italy,8,9,11,28,2012
Hungary,8,4,6,18,2012
Japan,7,14,17,38,2012
Iran,7,5,1,13,2012
Netherlands,6,6,8,20,2012
New Zealand,6,2,5,13,2012
Ukraine,5,4,10,19,2012
Cuba,5,3,7,15,2012
Spain,4,10,6,20,2012
Jamaica,4,5,4,13,2012
Czech Republic,4,4,3,11,2012
South Africa,4,1,1,6,2012
North Korea,4,0,2,6,2012
Brazil,3,5,9,17,2012
Kazakhstan,3,2,6,11,2012
Poland,3,2,6,11,2012
Ethiopia,3,2,3,8,2012
Croatia,3,1,2,6,2012
Canada,2,6,10,18,2012
Belarus,2,5,3,10,2012
Kenya,2,4,7,13,2012
Denmark,2,4,3,9,2012
Romania,2,4,1,7,2012
Azerbaijan,2,2,5,9,2012
Switzerland,2,2,0,4,2012
Norway,2,1,1,4,2012
Lithuania,2,0,3,5,2012
Tunisia,2,0,1,3,2012
Sweden,1,4,3,8,2012
Colombia,1,3,5,9,2012
Mexico,1,3,4,8,2012
Georgia,1,2,3,6,2012
Ireland,1,1,4,6,2012
Argentina,1,1,2,4,2012
Serbia,1,1,2,4,2012
Slovenia,1,1,2,4,2012
Trinidad and Tobago,1,1,2,4,2012
Turkey,1,1,1,3,2012
Dominican Republic,1,1,0,2,2012
Chinese Taipei,1,0,1,2,2012
Latvia,1,0,1,2,2012
Algeria,1,0,0,1,2012
Bahamas,1,0,0,1,2012
Bahrain,1,0,0,1,2012
Grenada,1,0,0,1,2012
Uganda,1,0,0,1,2012
Venezuela,1,0,0,1,2012
Egypt,0,3,1,4,2012
India,0,2,4,6,2012
Mongolia,0,2,3,5,2012
Thailand,0,2,2,4,2012
Bulgaria,0,2,1,3,2012
Finland,0,2,1,3,2012
Indonesia,0,2,1,3,2012
Slovakia,0,1,3,4,2012
Belgium,0,1,2,3,2012
Armenia,0,1,1,2,2012
Estonia,0,1,1,2,2012
Malaysia,0,1,1,2,2012
Puerto Rico,0,1,1,2,2012
Qatar,0,1,1,2,2012
Botswana,0,1,0,1,2012
Cyprus,0,1,0,1,2012
Gabon,0,1,0,1,2012
Guatemala,0,1,0,1,2012
Montenegro,0,1,0,1,2012
Portugal,0,1,0,1,2012
Uzbekistan,0,0,3,3,2012
Greece,0,0,2,2,2012
Singapore,0,0,2,2,2012
Afghanistan,0,0,1,1,2012
Cameroon,0,0,1,1,2012
Hong Kong,0,0,1,1,2012
Kuwait,0,0,1,1,2012
Morocco,0,0,1,1,2012
Saudi Arabia,0,0,1,1,2012
Tajikistan,0,0,1,1,2012
Vietnam,0,0,1,1,2012
United States,46,37,38,121,2016
Great Britain,27,23,17,67,2016
China,26,18,26,70,2016
Russia,19,17,20,56,2016
Germany,17,10,15,42,2016
Japan,12,8,21,41,2016
France,10,18,14,42,2016
South Korea,9,3,9,21,2016
Italy,8,12,8,28,2016
Australia,8,11,10,29,2016
Netherlands,8,7,4,19,2016
Hungary,8,3,4,15,2016
Brazil,7,6,6,19,2016
Spain,7,4,6,17,2016
Kenya,6,6,1,13,2016
Jamaica,6,3,2,11,2016
Croatia,5,3,2,10,2016
Cuba,5,2,4,11,2016
New Zealand,4,9,5,18,2016
Canada,4,3,15,22,2016
Uzbekistan,4,2,7,13,2016
Colombia,3,2,3,8,2016
Switzerland,3,2,2,7,2016
Iran,3,1,4,8,2016
Greece,3,1,2,6,2016
Argentina,3,1,0,4,2016
Denmark,2,6,7,15,2016
Sweden,2,6,3,11,2016
South Africa,2,6,2,10,2016
Kazakhstan,2,5,10,17,2016
Ukraine,2,5,4,11,2016
Serbia,2,4,2,8,2016
Poland,2,3,6,11,2016
North Korea,2,3,2,7,2016
Belgium,2,2,2,6,2016
Thailand,2,2,2,6,2016
Slovakia,2,2,0,4,2016
Georgia,2,1,4,7,2016
Azerbaijan,1,7,10,18,2016
Belarus,1,4,4,9,2016
Turkey,1,3,4,8,2016
Armenia,1,3,0,4,2016
Czech Republic,1,2,7,10,2016
Ethiopia,1,2,5,8,2016
Slovenia,1,2,1,4,2016
Indonesia,1,2,0,3,2016
Romania,1,1,2,4,2016
Bahrain,1,1,0,2,2016
Vietnam,1,1,0,2,2016
Chinese Taipei,1,0,2,3,2016
Bahamas,1,0,1,2,2016
Ivory Coast,1,0,1,2,2016
Fiji,1,0,0,1,2016
Jordan,1,0,0,1,2016
Kosovo,1,0,0,1,2016
Puerto Rico,1,0,0,1,2016
Singapore,1,0,0,1,2016
Tajikistan,1,0,0,1,2016
Malaysia,0,4,1,5,2016
Mexico,0,3,2,5,2016
Venezuela,0,2,1,3,2016
Algeria,0,2,0,2,2016
Ireland,0,2,0,2,2016
Lithuania,0,1,3,4,2016
Bulgaria,0,1,2,3,2016
India,0,1,1,2,2016
Mongolia,0,1,1,2,2016
Burundi,0,1,0,1,2016
Grenada,0,1,0,1,2016
Niger,0,1,0,1,2016
Philippines,0,1,0,1,2016
Qatar,0,1,0,1,2016
Norway,0,0,4,4,2016
Egypt,0,0,3,3,2016
Tunisia,0,0,3,3,2016
Israel,0,0,2,2,2016
Austria,0,0,1,1,2016
Dominican Republic,0,0,1,1,2016
Estonia,0,0,1,1,2016
Finland,0,0,1,1,2016
Morocco,0,0,1,1,2016
Nigeria,0,0,1,1,2016
Portugal,0,0,1,1,2016
Trinidad and Tobago,0,0,1,1,2016
United Arab Emirates,0,0,1,1,2016
United States,39,41,33,113,2020
China,38,32,19,89,2020
Japan,27,14,17,58,2020
Great Britain,22,20,22,64,2020
Russia,20,28,23,71,2020
Australia,17,7,22,46,2020
Netherlands,10,12,14,36,2020
France,10,12,11,33,2020
Germany,10,11,16,37,2020
Italy,10,10,20,40,2020
Canada,7,7,10,24,2020
Brazil,7,6,8,21,2020
New Zealand,7,6,7,20,2020
Cuba,7,3,5,15,2020
Hungary,6,7,7,20,2020
South Korea,6,4,10,20,2020
Poland,4,5,5,14,2020
Czech Republic,4,4,3,11,2020
Kenya,4,4,2,10,2020
Norway,4,2,2,8,2020
Jamaica,4,1,4,9,2020
Spain,3,8,6,17,2020
Sweden,3,6,0,9,2020
Switzerland,3,4,6,13,2020
Denmark,3,4,4,11,2020
Croatia,3,3,2,8,2020
Iran,3,2,2,7,2020
Serbia,3,1,5,9,2020
Belgium,3,1,3,7,2020
Bulgaria,3,1,2,6,2020
Slovenia,3,1,1,5,2020
Uzbekistan,3,0,2,5,2020
Georgia,2,5,1,8,2020
Chinese Taipei,2,4,6,12,2020
Turkey,2,2,9,13,2020
Greece,2,1,1,4,2020
Uganda,2,1,1,4,2020
Ecuador,2,1,0,3,2020
Ireland,2,0,2,4,2020
Israel,2,0,2,4,2020
Qatar,2,0,1,3,2020
Bahamas,2,0,0,2,2020
Kosovo,2,0,0,2,2020
Ukraine,1,6,12,19,2020
Belarus,1,3,3,7,2020
Romania,1,3,0,4,2020
Venezuela,1,3,0,4,2020
India,1,2,4,7,2020
Hong Kong,1,2,3,6,2020
Philippines,1,2,1,4,2020
Slovakia,1,2,1,4,2020
South Africa,1,2,0,3,2020
Austria,1,1,5,7,2020
Egypt,1,1,4,6,2020
Indonesia,1,1,3,5,2020
Ethiopia,1,1,2,4,2020
Portugal,1,1,2,4,2020
Tunisia,1,1,0,2,2020
Estonia,1,0,1,2,2020
Fiji,1,0,1,2,2020
Latvia,1,0,1,2,2020
Thailand,1,0,1,2,2020
Bermuda,1,0,0,1,2020
Morocco,1,0,0,1,2020
Puerto Rico,1,0,0,1,2020
Colombia,0,4,1,5,2020
Azerbaijan,0,3,4,7,2020
Dominican Republic,0,3,2,5,2020
Armenia,0,2,2,4,2020
Kyrgyzstan,0,2,1,3,2020
Mongolia,0,1,3,4,2020
Argentina,0,1,2,3,2020
San Marino,0,1,2,3,2020
Jordan,0,1,1,2,2020
Malaysia,0,1,1,2,2020
Nigeria,0,1,1,2,2020
Bahrain,0,1,0,1,2020
Lithuania,0,1,0,1,2020
Namibia,0,1,0,1,2020
North Macedonia,0,1,0,1,2020
Saudi Arabia,0,1,0,1,2020
Turkmenistan,0,1,0,1,2020
Kazakhstan,0,0,8,8,2020
Mexico,0,0,4,4,2020
Finland,0,0,2,2,2020
Botswana,0,0,1,1,2020
Burkina Faso,0,0,1,1,2020
Ghana,0,0,1,1,2020
Grenada,0,0,1,1,2020
Ivory Coast,0,0,1,1,2020
Kuwait,0,0,1,1,2020
Moldova,0,0,1,1,2020
Syria,0,0,1,1,2020
United States,40,44,42,126,2024
China,40,27,24,91,2024
Japan,20,12,13,45,2024
Australia,18,19,16,53,2024
France,16,26,22,64,2024
Netherlands,15,7,12,34,2024
Great Britain,14,22,29,65,2024
South Korea,13,9,10,32,2024
Italy,12,13,15,40,2024
Germany,12,13,8,33,2024
New Zealand,10,7,3,20,2024
Canada,9,7,11,27,2024
Uzbekistan,8,2,3,13,2024
Hungary,6,7,6,19,2024
Spain,5,4,9,18,2024
Sweden,4,4,3,11,2024
Kenya,4,2,5,11,2024
Norway,4,1,3,8,2024
Ireland,4,0,3,7,2024
Brazil,3,7,10,20,2024
Iran,3,6,3,12,2024
Ukraine,3,5,4,12,2024
Romania,3,4,2,9,2024
Georgia,3,3,1,7,2024
Belgium,3,1,6,10,2024
Bulgaria,3,1,3,7,2024
Serbia,3,1,1,5,2024
Czech Republic,3,0,2,5,2024
Denmark,2,2,5,9,2024
Azerbaijan,2,2,3,7,2024
Croatia,2,2,3,7,2024
Cuba,2,1,6,9,2024
Bahrain,2,1,1,4,2024
Slovenia,2,1,0,3,2024
Chinese Taipei,2,0,5,7,2024
Austria,2,0,3,5,2024
Hong Kong,2,0,2,4,2024
Philippines,2,0,2,4,2024
Algeria,2,0,1,3,2024
Indonesia,2,0,1,3,2024
Israel,1,5,1,7,2024
Poland,1,4,5,10,2024
Kazakhstan,1,3,3,7,2024
Jamaica,1,3,2,6,2024
South Africa,1,3,2,6,2024
Thailand,1,3,2,6,2024
Ethiopia,1,3,0,4,2024
Switzerland,1,2,5,8,2024
Ecuador,1,2,2,5,2024
Portugal,1,2,1,4,2024
Greece,1,1,6,8,2024
Argentina,1,1,1,3,2024
Egypt,1,1,1,3,2024
Tunisia,1,1,1,3,2024
Botswana,1,1,0,2,2024
Chile,1,1,0,2,2024
Saint Lucia,1,1,0,2,2024
Uganda,1,1,0,2,2024
Dominican Republic,1,0,2,3,2024
Guatemala,1,0,1,2,2024
Morocco,1,0,1,2,2024
Dominica,1,0,0,1,2024
Pakistan,1,0,0,1,2024
Turkey,0,3,5,8,2024
Mexico,0,3,2,5,2024
Armenia,0,3,1,4,2024
Colombia,0,3,1,4,2024
Kyrgyzstan,0,2,4,6,2024
North Korea,0,2,4,6,2024
Lithuania,0,2,2,4,2024
India,0,1,5,6,2024
Moldova,0,1,3,4,2024
Kosovo,0,1,1,2,2024
Cyprus,0,1,0,1,2024
Fiji,0,1,0,1,2024
Jordan,0,1,0,1,2024
Mongolia,0,1,0,1,2024
Panama,0,1,0,1,2024
Tajikistan,0,0,3,3,2024
Albania,0,0,2,2,2024
Grenada,0,0,2,2,2024
Malaysia,0,0,2,2,2024
Puerto Rico,0,0,2,2,2024
Cape Verde,0,0,1,1,2024
Ivory Coast,0,0,1,1,2024
Peru,0,0,1,1,2024
Qatar,0,0,1,1,2024
Singapore,0,0,1,1,2024
Slovakia,0,0,1,1,2024
Zambia,0,0,1,1,2024
